date,year,week,cases
1928-01-01,1928,1,2938
1928-01-08,1928,2,3343
1928-01-15,1928,3,3208
1928-01-22,1928,4,3118
1928-01-29,1928,5,3743
1928-02-05,1928,6,3397
1928-02-12,1928,7,3616
1928-02-19,1928,8,3375
1928-02-26,1928,9,3744
1928-03-04,1928,10,4642
1928-03-11,1928,11,3974
1928-03-18,1928,12,4123
1928-03-25,1928,13,4281
1928-04-01,1928,14,4751
1928-04-08,1928,15,3843
1928-04-15,1928,16,4611
1928-04-22,1928,17,4675
1928-04-29,1928,18,5696
1928-05-06,1928,19,4490
1928-05-13,1928,20,3955
1928-05-20,1928,21,3633
1928-05-27,1928,22,2240
1928-06-03,1928,23,1771
1928-06-10,1928,24,1419
1928-06-17,1928,25,831
1928-06-24,1928,26,817
1928-07-01,1928,27,713
1928-07-08,1928,28,642
1928-07-15,1928,29,636
1928-07-22,1928,30,644
1928-07-29,1928,31,567
1928-08-05,1928,32,590
1928-08-12,1928,33,656
1928-08-19,1928,34,522
1928-08-26,1928,35,657
1928-09-02,1928,36,629
1928-09-09,1928,37,940
1928-09-16,1928,38,860
1928-09-23,1928,39,1212
1928-09-30,1928,40,1247
1928-10-07,1928,41,1251
1928-10-14,1928,42,1293
1928-10-21,1928,43,3728
1928-10-28,1928,44,5063
1928-11-04,1928,45,5180
1928-11-11,1928,46,6587
1928-11-18,1928,47,10290
1928-11-25,1928,48,23280
1928-12-02,1928,49,51510
1928-12-09,1928,50,162512
1928-12-16,1928,51,267871
1928-12-23,1928,52,181858
1929-01-06,1929,1,158500
1929-01-13,1929,2,100001
1929-01-20,1929,3,60495
1929-01-27,1929,4,27095
1929-02-03,1929,5,21078
1929-02-10,1929,6,11000
1929-02-17,1929,7,7115
1929-02-24,1929,8,16070
1929-03-03,1929,9,4489
1929-03-10,1929,10,3765
1929-03-17,1929,11,2765
1929-03-24,1929,12,2264
1929-03-31,1929,13,1811
1929-04-07,1929,14,1481
1929-04-14,1929,15,1044
1929-04-21,1929,16,1175
1929-04-28,1929,17,782
1929-05-05,1929,18,839
1929-05-12,1929,19,730
1929-05-19,1929,20,761
1929-05-26,1929,21,518
1929-06-02,1929,22,516
1929-06-09,1929,23,509
1929-06-16,1929,24,364
1929-06-23,1929,25,275
1929-06-30,1929,26,288
1929-07-07,1929,27,234
1929-07-14,1929,28,285
1929-07-21,1929,29,227
1929-07-28,1929,30,273
1929-08-04,1929,31,257
1929-08-11,1929,32,203
1929-08-18,1929,33,290
1929-08-25,1929,34,388
1929-09-01,1929,35,503
1929-09-08,1929,36,160
1929-09-15,1929,37,243
1929-09-22,1929,38,605
1929-09-29,1929,39,711
1929-10-06,1929,40,903
1929-10-13,1929,41,457
1929-10-20,1929,42,552
1929-10-27,1929,43,1217
1929-11-03,1929,44,1251
1929-11-10,1929,45,1467
1929-11-17,1929,46,1480
1929-11-24,1929,47,1455
1929-12-01,1929,48,2070
1929-12-08,1929,49,2397
1929-12-15,1929,50,1932
1929-12-22,1929,51,2064
1929-12-29,1929,52,2887
1930-01-05,1930,1,2976
1930-01-12,1930,2,2721
1930-01-19,1930,3,3012
1930-01-26,1930,4,3018
1930-02-02,1930,5,3373
1930-02-09,1930,6,3021
1930-02-16,1930,7,2666
1930-02-23,1930,8,2700
1930-03-02,1930,9,2596
1930-03-09,1930,10,2355
1930-03-16,1930,11,2086
1930-03-23,1930,12,2308
1930-03-30,1930,13,2135
1930-04-06,1930,14,1777
1930-04-13,1930,15,1445
1930-04-20,1930,16,1231
1930-04-27,1930,17,980
1930-05-04,1930,18,927
1930-05-11,1930,19,701
1930-05-18,1930,20,462
1930-05-25,1930,21,515
1930-06-01,1930,22,422
1930-06-08,1930,23,444
1930-06-15,1930,24,363
1930-06-22,1930,25,345
1930-06-29,1930,26,211
1930-07-06,1930,27,259
1930-07-13,1930,28,219
1930-07-20,1930,29,206
1930-07-27,1930,30,145
1930-08-03,1930,31,124
1930-08-10,1930,32,113
1930-08-17,1930,33,214
1930-08-24,1930,34,334
1930-08-31,1930,35,414
1930-09-07,1930,36,402
1930-09-14,1930,37,357
1930-09-21,1930,38,390
1930-09-28,1930,39,457
1930-10-05,1930,40,564
1930-10-12,1930,41,662
1930-10-19,1930,42,783
1930-10-26,1930,43,1009
1930-11-02,1930,44,1083
1930-11-09,1930,45,1175
1930-11-16,1930,46,1173
1930-11-23,1930,47,1257
1930-11-30,1930,48,1417
1930-12-07,1930,49,1501
1930-12-14,1930,50,1428
1930-12-21,1930,51,1200
1930-12-28,1930,52,1865
1931-01-04,1931,1,3231
1931-01-11,1931,2,4555
1931-01-18,1931,3,9842
1931-01-25,1931,4,15633
1931-02-01,1931,5,12464
1931-02-08,1931,6,14512
1931-02-15,1931,7,14002
1931-02-22,1931,8,13195
1931-03-01,1931,9,9983
1931-03-08,1931,10,9305
1931-03-15,1931,11,5589
1931-03-22,1931,12,6681
1931-03-29,1931,13,4931
1931-04-05,1931,14,3899
1931-04-12,1931,15,2696
1931-04-19,1931,16,2329
1931-04-26,1931,17,1747
1931-05-03,1931,18,1287
1931-05-10,1931,19,1156
1931-05-17,1931,20,726
1931-05-24,1931,21,764
1931-05-31,1931,22,731
1931-06-07,1931,23,489
1931-06-14,1931,24,397
1931-06-21,1931,25,296
1931-06-28,1931,26,238
1931-07-05,1931,27,157
1931-07-12,1931,28,188
1931-07-19,1931,29,299
1931-07-26,1931,30,288
1931-08-02,1931,31,203
1931-08-09,1931,32,224
1931-08-16,1931,33,222
1931-08-23,1931,34,306
1931-08-30,1931,35,318
1931-09-06,1931,36,401
1931-09-13,1931,37,521
1931-09-20,1931,38,561
1931-09-27,1931,39,387
1931-10-04,1931,40,523
1931-10-11,1931,41,602
1931-10-18,1931,42,615
1931-10-25,1931,43,742
1931-11-01,1931,44,826
1931-11-08,1931,45,1182
1931-11-15,1931,46,1044
1931-11-22,1931,47,986
1931-11-29,1931,48,1061
1931-12-06,1931,49,1241
1931-12-13,1931,50,1092
1931-12-20,1931,51,824
1931-12-27,1931,52,1432
1932-01-03,1932,1,1611
1932-01-10,1932,2,1923
1932-01-17,1932,3,2287
1932-01-24,1932,4,3039
1932-01-31,1932,5,5496
1932-02-07,1932,6,7176
1932-02-14,1932,7,7687
1932-02-21,1932,8,10728
1932-02-28,1932,9,14094
1932-03-06,1932,10,9387
1932-03-13,1932,11,12160
1932-03-20,1932,12,8359
1932-03-27,1932,13,9379
1932-04-03,1932,14,7513
1932-04-10,1932,15,5765
1932-04-17,1932,16,4145
1932-04-24,1932,17,3572
1932-05-01,1932,18,2236
1932-05-08,1932,19,1867
1932-05-15,1932,20,1555
1932-05-22,1932,21,943
1932-05-29,1932,22,857
1932-06-05,1932,23,669
1932-06-12,1932,24,566
1932-06-19,1932,25,479
1932-06-26,1932,26,333
1932-07-03,1932,27,365
1932-07-10,1932,28,400
1932-07-17,1932,29,292
1932-07-24,1932,30,322
1932-07-31,1932,31,362
1932-08-07,1932,32,409
1932-08-14,1932,33,415
1932-08-21,1932,34,558
1932-08-28,1932,35,470
1932-09-04,1932,36,495
1932-09-11,1932,37,630
1932-09-18,1932,38,796
1932-09-25,1932,39,800
1932-10-02,1932,40,1094
1932-10-09,1932,41,1194
1932-10-16,1932,42,1539
1932-10-23,1932,43,1421
1932-10-30,1932,44,1758
1932-11-06,1932,45,2105
1932-11-13,1932,46,3735
1932-11-20,1932,47,7503
1932-11-27,1932,48,16930
1932-12-04,1932,49,31886
1932-12-11,1932,50,42935
1932-12-18,1932,51,52799
1932-12-25,1932,52,96155
1933-01-01,1933,1,76002
1933-01-08,1933,2,45148
1933-01-15,1933,3,26941
1933-01-22,1933,4,16384
1933-01-29,1933,5,11981
1933-02-05,1933,6,8367
1933-02-12,1933,7,6613
1933-02-19,1933,8,5311
1933-02-26,1933,9,4281
1933-03-05,1933,10,3744
1933-03-12,1933,11,2886
1933-03-19,1933,12,2685
1933-03-26,1933,13,2222
1933-04-02,1933,14,1711
1933-04-09,1933,15,1618
1933-04-16,1933,16,1214
1933-04-23,1933,17,1350
1933-04-30,1933,18,1046
1933-05-07,1933,19,912
1933-05-14,1933,20,708
1933-05-21,1933,21,607
1933-05-28,1933,22,645
1933-06-04,1933,23,556
1933-06-11,1933,24,399
1933-06-18,1933,25,302
1933-06-25,1933,26,303
1933-07-02,1933,27,335
1933-07-09,1933,28,359
1933-07-16,1933,29,300
1933-07-23,1933,30,361
1933-07-30,1933,31,324
1933-08-06,1933,32,264
1933-08-13,1933,33,291
1933-08-20,1933,34,443
1933-08-27,1933,35,404
1933-09-03,1933,36,457
1933-09-10,1933,37,595
1933-09-17,1933,38,543
1933-09-24,1933,39,694
1933-10-01,1933,40,758
1933-10-08,1933,41,913
1933-10-15,1933,42,838
1933-10-22,1933,43,1188
1933-10-29,1933,44,1091
1933-11-05,1933,45,1200
1933-11-12,1933,46,1255
1933-11-19,1933,47,1396
1933-11-26,1933,48,1784
1933-12-03,1933,49,1721
1933-12-10,1933,50,1642
1933-12-17,1933,51,1355
1933-12-24,1933,52,1381
1934-01-07,1934,1,3103
1934-01-14,1934,2,2256
1934-01-21,1934,3,2549
1934-01-28,1934,4,2835
1934-02-04,1934,5,3156
1934-02-11,1934,6,4227
1934-02-18,1934,7,4094
1934-02-25,1934,8,3794
1934-03-04,1934,9,3376
1934-03-11,1934,10,3126
1934-03-18,1934,11,2615
1934-03-25,1934,12,2437
1934-04-01,1934,13,2418
1934-04-08,1934,14,2007
1934-04-15,1934,15,1438
1934-04-22,1934,16,1478
1934-04-29,1934,17,1226
1934-05-06,1934,18,1062
1934-05-13,1934,19,808
1934-05-20,1934,20,642
1934-05-27,1934,21,682
1934-06-03,1934,22,575
1934-06-10,1934,23,431
1934-06-17,1934,24,385
1934-06-24,1934,25,317
1934-07-01,1934,26,251
1934-07-08,1934,27,258
1934-07-15,1934,28,291
1934-07-22,1934,29,238
1934-07-29,1934,30,350
1934-08-05,1934,31,730
1934-08-12,1934,32,393
1934-08-19,1934,33,439
1934-08-26,1934,34,482
1934-09-02,1934,35,517
1934-09-09,1934,36,464
1934-09-16,1934,37,565
1934-09-23,1934,38,615
1934-09-30,1934,39,630
1934-10-07,1934,40,687
1934-10-14,1934,41,677
1934-10-21,1934,42,559
1934-10-28,1934,43,1033
1934-11-04,1934,44,926
1934-11-11,1934,45,1224
1934-11-18,1934,46,1087
1934-11-25,1934,47,1327
1934-12-02,1934,48,1356
1934-12-09,1934,49,1983
1934-12-16,1934,50,3053
1934-12-23,1934,51,4966
1934-12-30,1934,52,9322
1935-01-06,1935,1,11344
1935-01-13,1935,2,8370
1935-01-20,1935,3,10150
1935-01-27,1935,4,11244
1935-02-03,1935,5,10381
1935-02-10,1935,6,9397
1935-02-17,1935,7,7681
1935-02-24,1935,8,6353
1935-03-03,1935,9,7445
1935-03-10,1935,10,4184
1935-03-17,1935,11,3329
1935-03-24,1935,12,2363
1935-03-31,1935,13,2364
1935-04-07,1935,14,1933
1935-04-14,1935,15,1355
1935-04-21,1935,16,1179
1935-04-28,1935,17,1084
1935-05-05,1935,18,875
1935-05-12,1935,19,922
1935-05-19,1935,20,675
1935-05-26,1935,21,630
1935-06-02,1935,22,558
1935-06-09,1935,23,556
1935-06-16,1935,24,428
1935-06-23,1935,25,402
1935-06-30,1935,26,264
1935-07-07,1935,27,274
1935-07-14,1935,28,256
1935-07-21,1935,29,293
1935-07-28,1935,30,279
1935-08-04,1935,31,297
1935-08-11,1935,32,382
1935-08-18,1935,33,303
1935-08-25,1935,34,351
1935-09-01,1935,35,388
1935-09-08,1935,36,493
1935-09-15,1935,37,537
1935-09-22,1935,38,617
1935-09-29,1935,39,596
1935-10-06,1935,40,686
1935-10-13,1935,41,753
1935-10-20,1935,42,804
1935-10-27,1935,43,672
1935-11-03,1935,44,737
1935-11-10,1935,45,897
1935-11-17,1935,46,1026
1935-11-24,1935,47,1247
1935-12-01,1935,48,1464
1935-12-08,1935,49,1683
1935-12-15,1935,50,1674
1935-12-22,1935,51,1768
1935-12-29,1935,52,2133
1936-01-05,1936,1,2883
1936-01-12,1936,2,3493
1936-01-19,1936,3,2838
1936-01-26,1936,4,3410
1936-02-02,1936,5,5469
1936-02-09,1936,6,10914
1936-02-16,1936,7,13864
1936-02-23,1936,8,13916
1936-03-01,1936,9,15116
1936-03-08,1936,10,13390
1936-03-15,1936,11,12871
1936-03-22,1936,12,12357
1936-03-29,1936,13,10058
1936-04-05,1936,14,8119
1936-04-12,1936,15,6699
1936-04-19,1936,16,4766
1936-04-26,1936,17,3619
1936-05-03,1936,18,3057
1936-05-10,1936,19,2148
1936-05-17,1936,20,1132
1936-05-24,1936,21,810
1936-05-31,1936,22,1104
1936-06-07,1936,23,598
1936-06-14,1936,24,932
1936-06-21,1936,25,800
1936-06-28,1936,26,734
1936-07-05,1936,27,402
1936-07-12,1936,28,276
1936-07-19,1936,29,172
1936-07-26,1936,30,185
1936-08-02,1936,31,224
1936-08-09,1936,32,268
1936-08-16,1936,33,201
1936-08-23,1936,34,248
1936-08-30,1936,35,240
1936-09-06,1936,36,309
1936-09-13,1936,37,318
1936-09-20,1936,38,428
1936-09-27,1936,39,383
1936-10-04,1936,40,585
1936-10-11,1936,41,778
1936-10-18,1936,42,800
1936-10-25,1936,43,885
1936-11-01,1936,44,824
1936-11-08,1936,45,1079
1936-11-15,1936,46,1048
1936-11-22,1936,47,1228
1936-11-29,1936,48,1896
1936-12-06,1936,49,2299
1936-12-13,1936,50,2503
1936-12-20,1936,51,2447
1936-12-27,1936,52,4819
1937-01-03,1937,1,15127
1937-01-10,1937,2,27733
1937-01-17,1937,3,42781
1937-01-24,1937,4,43617
1937-01-31,1937,5,37384
1937-02-07,1937,6,30346
1937-02-14,1937,7,24385
1937-02-21,1937,8,20075
1937-02-28,1937,9,16493
1937-03-07,1937,10,11927
1937-03-14,1937,11,9494
1937-03-21,1937,12,6833
1937-03-28,1937,13,5260
1937-04-04,1937,14,4263
1937-04-11,1937,15,3386
1937-04-18,1937,16,2347
1937-04-25,1937,17,1879
1937-05-02,1937,18,1553
1937-05-09,1937,19,1062
1937-05-16,1937,20,906
1937-05-17,1937,21,42
1937-05-23,1937,22,686
1937-05-30,1937,23,643
1937-06-06,1937,24,579
1937-06-13,1937,25,564
1937-06-20,1937,26,565
1937-06-27,1937,27,284
1937-07-04,1937,28,337
1937-07-11,1937,29,250
1937-07-18,1937,30,226
1937-07-25,1937,31,287
1937-08-01,1937,32,245
1937-08-08,1937,33,261
1937-08-15,1937,34,269
1937-08-22,1937,35,311
1937-08-29,1937,36,164
1937-09-05,1937,37,371
1937-09-12,1937,38,407
1937-09-19,1937,39,520
1937-09-26,1937,40,600
1937-10-03,1937,41,628
1937-10-10,1937,42,750
1937-10-17,1937,43,685
1937-10-24,1937,44,849
1937-10-31,1937,45,975
1937-11-07,1937,46,981
1937-11-14,1937,47,1113
1937-11-21,1937,48,1289
1937-11-28,1937,49,1803
1937-12-05,1937,50,2245
1937-12-12,1937,51,2271
1937-12-19,1937,52,1799
1938-01-02,1938,1,2723
1938-01-09,1938,2,3118
1938-01-16,1938,3,3412
1938-01-23,1938,4,3630
1938-01-30,1938,5,3642
1938-02-06,1938,6,3700
1938-02-13,1938,7,3403
1938-02-20,1938,8,3268
1938-02-27,1938,9,3019
1938-03-06,1938,10,2455
1938-03-13,1938,11,2057
1938-03-20,1938,12,1957
1938-03-27,1938,13,1748
1938-04-03,1938,14,1333
1938-04-10,1938,15,1383
1938-04-17,1938,16,903
1938-04-24,1938,17,1020
1938-05-01,1938,18,818
1938-05-08,1938,19,677
1938-05-15,1938,20,681
1938-05-22,1938,21,592
1938-05-29,1938,22,566
1938-06-05,1938,23,481
1938-06-12,1938,24,699
1938-06-19,1938,25,356
1938-06-26,1938,26,388
1938-07-03,1938,27,351
1938-07-10,1938,28,429
1938-07-17,1938,29,343
1938-07-24,1938,30,373
1938-07-31,1938,31,375
1938-08-07,1938,32,394
1938-08-14,1938,33,360
1938-08-21,1938,34,453
1938-08-28,1938,35,384
1938-09-04,1938,36,526
1938-09-11,1938,37,464
1938-09-18,1938,38,836
1938-09-25,1938,39,879
1938-10-02,1938,40,859
1938-10-09,1938,41,842
1938-10-16,1938,42,1004
1938-10-23,1938,43,1203
1938-10-30,1938,44,1201
1938-11-06,1938,45,1105
1938-11-13,1938,46,1362
1938-11-20,1938,47,1258
1938-11-27,1938,48,1663
1938-12-04,1938,49,2223
1938-12-11,1938,50,2165
1938-12-18,1938,51,1813
1938-12-25,1938,52,2257
1939-01-01,1939,1,3508
1939-01-08,1939,2,3292
1939-01-15,1939,3,3417
1939-01-22,1939,4,3626
1939-01-29,1939,5,4691
1939-02-05,1939,6,4319
1939-02-12,1939,7,8066
1939-02-19,1939,8,10664
1939-02-26,1939,9,16390
1939-03-05,1939,10,20276
1939-03-12,1939,11,17531
1939-03-19,1939,12,16140
1939-03-26,1939,13,14926
1939-04-02,1939,14,10380
1939-04-09,1939,15,6568
1939-04-16,1939,16,5503
1939-04-23,1939,17,3929
1939-04-30,1939,18,3231
1939-05-07,1939,19,2263
1939-05-14,1939,20,1956
1939-05-21,1939,21,996
1939-05-28,1939,22,862
1939-06-04,1939,23,910
1939-06-11,1939,24,686
1939-06-18,1939,25,482
1939-06-25,1939,26,443
1939-07-02,1939,27,316
1939-07-09,1939,28,509
1939-07-16,1939,29,348
1939-07-23,1939,30,248
1939-07-30,1939,31,285
1939-08-06,1939,32,316
1939-08-13,1939,33,395
1939-08-20,1939,34,392
1939-08-27,1939,35,309
1939-09-03,1939,36,551
1939-09-10,1939,37,430
1939-09-17,1939,38,507
1939-09-24,1939,39,519
1939-10-01,1939,40,541
1939-10-08,1939,41,687
1939-10-15,1939,42,852
1939-10-22,1939,43,972
1939-10-29,1939,44,1081
1939-11-05,1939,45,1238
1939-11-12,1939,46,1861
1939-11-19,1939,47,2170
1939-11-26,1939,48,2910
1939-12-03,1939,49,4539
1939-12-10,1939,50,6716
1939-12-17,1939,51,6266
1939-12-24,1939,52,7641
1940-01-07,1940,1,13707
1940-01-14,1940,2,13867
1940-01-21,1940,3,14685
1940-01-28,1940,4,18773
1940-02-04,1940,5,18043
1940-02-11,1940,6,17958
1940-02-18,1940,7,14713
1940-02-25,1940,8,12439
1940-03-03,1940,9,10188
1940-03-10,1940,10,7161
1940-03-17,1940,11,4793
1940-03-24,1940,12,4359
1940-03-31,1940,13,3630
1940-04-07,1940,14,3052
1940-04-14,1940,15,2379
1940-04-21,1940,16,1843
1940-04-28,1940,17,1645
1940-05-05,1940,18,1468
1940-05-12,1940,19,1082
1940-05-19,1940,20,926
1940-05-26,1940,21,673
1940-06-02,1940,22,808
1940-06-09,1940,23,495
1940-06-16,1940,24,433
1940-06-23,1940,25,442
1940-06-30,1940,26,331
1940-07-07,1940,27,364
1940-07-14,1940,28,252
1940-07-21,1940,29,465
1940-07-28,1940,30,395
1940-08-04,1940,31,489
1940-08-11,1940,32,448
1940-08-18,1940,33,403
1940-08-25,1940,34,427
1940-09-01,1940,35,494
1940-09-08,1940,36,483
1940-09-15,1940,37,709
1940-09-22,1940,38,514
1940-09-29,1940,39,653
1940-10-06,1940,40,758
1940-10-13,1940,41,839
1940-10-20,1940,42,926
1940-10-27,1940,43,1040
1940-11-03,1940,44,851
1940-11-10,1940,45,1311
1940-11-17,1940,46,1466
1940-11-24,1940,47,3595
1940-12-01,1940,48,12221
1940-12-08,1940,49,35649
1940-12-15,1940,50,54347
1940-12-22,1940,51,51222
1940-12-29,1940,52,95699
1941-01-05,1941,1,98986
1941-01-12,1941,2,128634
1941-01-19,1941,3,104476
1941-01-26,1941,4,78502
1941-02-02,1941,5,38241
1941-02-09,1941,6,23668
1941-02-16,1941,7,907
1941-02-23,1941,8,12506
1941-03-02,1941,9,8877
1941-03-09,1941,10,6725
1941-03-16,1941,11,6247
1941-03-23,1941,12,7438
1941-03-30,1941,13,4400
1941-04-06,1941,14,3612
1941-04-13,1941,15,3331
1941-04-20,1941,16,3064
1941-04-27,1941,17,2170
1941-05-04,1941,18,1548
1941-05-11,1941,19,1437
1941-05-18,1941,20,1533
1941-05-25,1941,21,2149
1941-06-01,1941,22,1415
1941-06-08,1941,23,874
1941-06-15,1941,24,1500
1941-06-22,1941,25,930
1941-06-29,1941,26,639
1941-07-06,1941,27,644
1941-07-13,1941,28,593
1941-07-20,1941,29,832
1941-07-27,1941,30,698
1941-08-03,1941,31,760
1941-08-10,1941,32,652
1941-08-17,1941,33,578
1941-08-24,1941,34,525
1941-08-31,1941,35,797
1941-09-07,1941,36,933
1941-09-14,1941,37,726
1941-09-21,1941,38,898
1941-09-28,1941,39,1055
1941-10-05,1941,40,1069
1941-10-12,1941,41,1194
1941-10-19,1941,42,1406
1941-10-26,1941,43,1682
1941-11-02,1941,44,2468
1941-11-09,1941,45,2571
1941-11-16,1941,46,2675
1941-11-23,1941,47,2710
1941-11-30,1941,48,3007
1941-12-07,1941,49,3262
1941-12-14,1941,50,2884
1941-12-21,1941,51,2810
1941-12-28,1941,52,3299
1942-01-04,1942,1,4061
1942-01-11,1942,2,4199
1942-01-18,1942,3,4649
1942-01-25,1942,4,5356
1942-02-01,1942,5,5876
1942-02-08,1942,6,5344
1942-02-15,1942,7,5650
1942-02-22,1942,8,6279
1942-03-01,1942,9,5763
1942-03-08,1942,10,5352
1942-03-15,1942,11,4759
1942-03-22,1942,12,3948
1942-03-29,1942,13,3801
1942-04-05,1942,14,3181
1942-04-12,1942,15,2809
1942-04-19,1942,16,2257
1942-04-26,1942,17,1819
1942-05-03,1942,18,1402
1942-05-10,1942,19,1086
1942-05-17,1942,20,1192
1942-05-24,1942,21,885
1942-05-31,1942,22,793
1942-06-07,1942,23,646
1942-06-14,1942,24,681
1942-06-21,1942,25,500
1942-06-28,1942,26,398
1942-07-05,1942,27,457
1942-07-12,1942,28,478
1942-07-19,1942,29,357
1942-07-26,1942,30,393
1942-08-02,1942,31,363
1942-08-09,1942,32,405
1942-08-16,1942,33,429
1942-08-23,1942,34,514
1942-08-30,1942,35,422
1942-09-06,1942,36,754
1942-09-13,1942,37,754
1942-09-20,1942,38,795
1942-09-27,1942,39,1020
1942-10-04,1942,40,1174
1942-10-11,1942,41,1434
1942-10-18,1942,42,1224
1942-10-25,1942,43,1433
1942-11-01,1942,44,1674
1942-11-08,1942,45,1696
1942-11-15,1942,46,1883
1942-11-22,1942,47,1997
1942-11-29,1942,48,2054
1942-12-06,1942,49,2758
1942-12-13,1942,50,2567
1942-12-20,1942,51,2415
1942-12-27,1942,52,3659
1943-01-03,1943,1,4149
1943-01-10,1943,2,4643
1943-01-17,1943,3,4613
1943-01-24,1943,4,5173
1943-01-31,1943,5,4562
1943-02-07,1943,6,5648
1943-02-14,1943,7,4428
1943-02-21,1943,8,5389
1943-02-28,1943,9,4529
1943-03-07,1943,10,5079
1943-03-14,1943,11,4823
1943-03-21,1943,12,4166
1943-03-28,1943,13,3661
1943-04-04,1943,14,3441
1943-04-11,1943,15,3368
1943-04-18,1943,16,2456
1943-04-25,1943,17,2137
1943-05-02,1943,18,1819
1943-05-09,1943,19,1158
1943-05-16,1943,20,1559
1943-05-23,1943,21,1162
1943-05-30,1943,22,1086
1943-06-06,1943,23,827
1943-06-13,1943,24,786
1943-06-20,1943,25,655
1943-06-27,1943,26,746
1943-07-04,1943,27,696
1943-07-11,1943,28,676
1943-07-18,1943,29,616
1943-07-25,1943,30,625
1943-08-01,1943,31,635
1943-08-08,1943,32,504
1943-08-15,1943,33,527
1943-08-22,1943,34,607
1943-08-29,1943,35,595
1943-09-05,1943,36,611
1943-09-12,1943,37,701
1943-09-19,1943,38,907
1943-09-26,1943,39,937
1943-10-03,1943,40,1287
1943-10-10,1943,41,1328
1943-10-17,1943,42,1489
1943-10-24,1943,43,1496
1943-10-31,1943,44,1505
1943-11-07,1943,45,1638
1943-11-14,1943,46,1835
1943-11-21,1943,47,2588
1943-11-28,1943,48,4863
1943-12-05,1943,49,24462
1943-12-12,1943,50,88143
1943-12-19,1943,51,91173
1943-12-26,1943,52,134293
1944-01-02,1944,1,133886
1944-01-09,1944,2,69364
1944-01-16,1944,3,48893
1944-01-23,1944,4,23381
1944-01-30,1944,5,15453
1944-02-06,1944,6,11237
1944-02-13,1944,7,7567
1944-02-20,1944,8,6686
1944-02-27,1944,9,5457
1944-03-05,1944,10,4630
1944-03-12,1944,11,3649
1944-03-19,1944,12,3519
1944-03-26,1944,13,2890
1944-04-02,1944,14,2253
1944-04-09,1944,15,2008
1944-04-16,1944,16,1898
1944-04-23,1944,17,1800
1944-04-30,1944,18,1478
1944-05-07,1944,19,1205
1944-05-14,1944,20,967
1944-05-21,1944,21,917
1944-05-28,1944,22,777
1944-06-04,1944,23,712
1944-06-11,1944,24,565
1944-06-18,1944,25,439
1944-06-25,1944,26,605
1944-07-02,1944,27,515
1944-07-09,1944,28,444
1944-07-16,1944,29,421
1944-07-23,1944,30,449
1944-07-30,1944,31,467
1944-08-06,1944,32,397
1944-08-13,1944,33,587
1944-08-20,1944,34,512
1944-08-27,1944,35,515
1944-09-03,1944,36,670
1944-09-10,1944,37,581
1944-09-17,1944,38,715
1944-09-24,1944,39,930
1944-10-01,1944,40,1120
1944-10-08,1944,41,1230
1944-10-15,1944,42,1352
1944-10-22,1944,43,1598
1944-10-29,1944,44,1660
1944-11-05,1944,45,1378
1944-11-12,1944,46,1922
1944-11-19,1944,47,1831
1944-11-26,1944,48,2302
1944-12-03,1944,49,2565
1944-12-10,1944,50,3039
1944-12-17,1944,51,2811
1944-12-24,1944,52,3597
1945-01-07,1945,1,4300
1945-01-14,1945,2,4191
1945-01-21,1945,3,4509
1945-01-28,1945,4,4432
1945-02-04,1945,5,4806
1945-02-11,1945,6,4596
1945-02-18,1945,7,4531
1945-02-25,1945,8,4250
1945-03-04,1945,9,4102
1945-03-11,1945,10,3158
1945-03-18,1945,11,2501
1945-03-25,1945,12,2482
1945-04-01,1945,13,2068
1945-04-08,1945,14,1570
1945-04-15,1945,15,1457
1945-04-22,1945,16,1629
1945-04-29,1945,17,1454
1945-05-06,1945,18,1251
1945-05-13,1945,19,1111
1945-05-20,1945,20,1032
1945-05-27,1945,21,1124
1945-06-03,1945,22,865
1945-06-10,1945,23,713
1945-06-17,1945,24,683
1945-06-24,1945,25,697
1945-07-01,1945,26,604
1945-07-08,1945,27,649
1945-07-15,1945,28,623
1945-07-22,1945,29,602
1945-07-29,1945,30,615
1945-08-05,1945,31,743
1945-08-12,1945,32,546
1945-08-19,1945,33,938
1945-08-26,1945,34,680
1945-09-02,1945,35,1014
1945-09-09,1945,36,942
1945-09-16,1945,37,870
1945-09-23,1945,38,1137
1945-09-30,1945,39,1070
1945-10-07,1945,40,1411
1945-10-14,1945,41,2055
1945-10-21,1945,42,2439
1945-10-28,1945,43,2668
1945-11-04,1945,44,2904
1945-11-11,1945,45,4225
1945-11-18,1945,46,5340
1945-11-25,1945,47,13450
1945-12-02,1945,48,49995
1945-12-09,1945,49,150022
1945-12-16,1945,50,70105
1945-12-23,1945,51,54062
1945-12-30,1945,52,49171
1946-01-06,1946,1,33330
1946-01-13,1946,2,21624
1946-01-20,1946,3,14835
1946-01-27,1946,4,14604
1946-02-03,1946,5,9203
1946-02-10,1946,6,8668
1946-02-17,1946,7,7443
1946-02-24,1946,8,5489
1946-03-03,1946,9,5654
1946-03-10,1946,10,4179
1946-03-17,1946,11,3542
1946-03-24,1946,12,2661
1946-03-31,1946,13,1923
1946-04-07,1946,14,1534
1946-04-14,1946,15,1353
1946-04-21,1946,16,1271
1946-04-28,1946,17,971
1946-05-05,1946,18,889
1946-05-12,1946,19,944
1946-05-19,1946,20,743
1946-05-26,1946,21,684
1946-06-02,1946,22,665
1946-06-09,1946,23,584
1946-06-16,1946,24,694
1946-06-23,1946,25,484
1946-06-30,1946,26,546
1946-07-07,1946,27,522
1946-07-14,1946,28,468
1946-07-21,1946,29,517
1946-07-28,1946,30,493
1946-08-04,1946,31,548
1946-08-11,1946,32,626
1946-08-18,1946,33,611
1946-08-25,1946,34,646
1946-09-01,1946,35,445
1946-09-08,1946,36,641
1946-09-15,1946,37,796
1946-09-22,1946,38,1015
1946-09-29,1946,39,1244
1946-10-06,1946,40,1512
1946-10-13,1946,41,1538
1946-10-20,1946,42,1475
1946-10-27,1946,43,1407
1946-11-03,1946,44,1869
1946-11-10,1946,45,2147
1946-11-17,1946,46,2461
1946-11-24,1946,47,2366
1946-12-01,1946,48,2865
1946-12-08,1946,49,2947
1946-12-15,1946,50,3439
1946-12-22,1946,51,2660
1946-12-29,1946,52,52
1947-01-05,1947,1,4805
1947-01-12,1947,2,4189
1947-01-19,1947,3,4455
1947-01-26,1947,4,3511
1947-02-02,1947,5,3724
1947-02-09,1947,6,3566
1947-02-16,1947,7,5341
1947-02-23,1947,8,8194
1947-03-02,1947,9,22333
1947-03-09,1947,10,43558
1947-03-16,1947,11,54500
1947-03-23,1947,12,50321
1947-03-30,1947,13,36992
1947-04-06,1947,14,24175
1947-04-13,1947,15,12815
1947-04-20,1947,16,8198
1947-04-27,1947,17,3673
1947-05-04,1947,18,2352
1947-05-11,1947,19,1612
1947-05-18,1947,20,1640
1947-05-25,1947,21,1122
1947-06-01,1947,22,722
1947-06-08,1947,23,607
1947-06-15,1947,24,624
1947-06-22,1947,25,609
1947-06-29,1947,26,481
1947-07-06,1947,27,603
1947-07-13,1947,28,504
1947-07-20,1947,29,585
1947-07-27,1947,30,463
1947-08-03,1947,31,590
1947-08-10,1947,32,422
1947-08-17,1947,33,530
1947-08-24,1947,34,319
1947-08-31,1947,35,714
1947-09-07,1947,36,560
1947-09-14,1947,37,769
1947-09-21,1947,38,1127
1947-09-28,1947,39,1197
1947-10-05,1947,40,1971
1947-10-12,1947,41,1733
1947-10-19,1947,42,1636
1947-10-26,1947,43,1469
1947-11-02,1947,44,1729
1947-11-09,1947,45,2194
1947-11-16,1947,46,2257
1947-11-23,1947,47,3012
1947-11-30,1947,48,3092
1947-12-07,1947,49,4077
1947-12-14,1947,50,3868
1947-12-21,1947,51,3958
1947-12-28,1947,52,392
